,bwd_packet_length_std,bwd_packet_length_mean,avg_bwd_segment_size,bwd_packet_length_max,packet_length_std,max_packet_length,packet_length_variance,avg_bytes_per_packet,is_attack
bwd_packet_length_std,1.0,0.942326,0.942326,0.983133,0.934998,0.923546,0.888651,0.859375,0.577005
bwd_packet_length_mean,0.942326,1.0,1.0,0.959172,0.91105,0.895399,0.789568,0.921598,0.562562
avg_bwd_segment_size,0.942326,1.0,1.0,0.959172,0.91105,0.895399,0.789568,0.921598,0.562562
bwd_packet_length_max,0.983133,0.959172,0.959172,1.0,0.931303,0.938314,0.850077,0.881867,0.56192
packet_length_std,0.934998,0.91105,0.91105,0.931303,1.0,0.983644,0.92973,0.951074,0.533636
max_packet_length,0.923546,0.895399,0.895399,0.938314,0.983644,1.0,0.899363,0.9196,0.513703
packet_length_variance,0.888651,0.789568,0.789568,0.850077,0.92973,0.899363,1.0,0.828974,0.503395
avg_bytes_per_packet,0.859375,0.921598,0.921598,0.881867,0.951074,0.9196,0.828974,1.0,0.500532
is_attack,0.577005,0.562562,0.562562,0.56192,0.533636,0.513703,0.503395,0.500532,1.0
